{
  "\n": 14,
  "\r": 13,
  " ": 0,
  "!": 33,
  "#": 88,
  "$": 86,
  "%": 91,
  "'": 82,
  "(": 62,
  ")": 63,
  "*": 64,
  ",": 18,
  "-": 51,
  ".": 24,
  "/": 80,
  "0": 70,
  "1": 66,
  "2": 73,
  "3": 72,
  "4": 75,
  "5": 77,
  "6": 79,
  "7": 81,
  "8": 74,
  "9": 78,
  ":": 36,
  ";": 45,
  "?": 42,
  "A": 31,
  "B": 56,
  "C": 47,
  "D": 41,
  "E": 44,
  "F": 55,
  "G": 46,
  "H": 37,
  "I": 29,
  "J": 71,
  "K": 60,
  "L": 57,
  "M": 43,
  "N": 54,
  "O": 52,
  "P": 48,
  "Q": 59,
  "R": 50,
  "S": 38,
  "T": 32,
  "U": 65,
  "V": 69,
  "W": 39,
  "X": 76,
  "Y": 58,
  "Z": 89,
  "[": 83,
  "]": 84,
  "_": 34,
  "a": 4,
  "b": 23,
  "c": 15,
  "d": 10,
  "e": 1,
  "f": 20,
  "g": 16,
  "h": 7,
  "i": 6,
  "j": 40,
  "k": 25,
  "l": 11,
  "m": 21,
  "n": 5,
  "o": 3,
  "p": 22,
  "q": 53,
  "r": 9,
  "s": 8,
  "t": 2,
  "u": 12,
  "v": 28,
  "w": 17,
  "x": 49,
  "y": 19,
  "z": 61,
  "\u00f9": 90,
  "\u2014": 35,
  "\u2018": 68,
  "\u2019": 30,
  "\u201c": 26,
  "\u201d": 27,
  "\u2022": 85,
  "\u2122": 67,
  "\ufeff": 87
}